{
  "method": "isotonic",
  "validation_recall": 0.5882352941176471,
  "validation_precision": 0.5128205128205128,
  "source": "models/realtime_native_bundle/threshold.json",
  "folds": [
    {
      "x": [
        0.003643881296738982,
        0.09080039709806442,
        0.09268950670957565,
        0.3362099826335907,
        0.3366931676864624,
        0.39136120676994324,
        0.39581018686294556,
        0.5807192325592041,
        0.5870384573936462,
        0.602114737033844,
        0.604152500629425,
        0.7020021677017212,
        0.7054048180580139,
        0.7956526279449463,
        0.7959490418434143,
        0.8981541395187378,
        0.89945387840271,
        0.9025806188583374,
        0.9040402770042419,
        0.9522423148155212,
        0.9524109363555908
      ],
      "y": [
        0.0,
        0.0,
        0.07518796622753143,
        0.07518796622753143,
        0.09090909361839294,
        0.09090909361839294,
        0.19298245012760162,
        0.19298245012760162,
        0.20000000298023224,
        0.20000000298023224,
        0.21875,
        0.21875,
        0.2857142984867096,
        0.2857142984867096,
        0.4444444477558136,
        0.4444444477558136,
        0.5,
        0.5,
        0.761904776096344,
        0.761904776096344,
        1.0
      ]
    },
    {
      "x": [
        0.004829934798181057,
        0.021325677633285522,
        0.021560491994023323,
        0.14370255172252655,
        0.14507648348808289,
        0.21942779421806335,
        0.22075985372066498,
        0.4798447787761688,
        0.482100248336792,
        0.6250777840614319,
        0.6291413903236389,
        0.6830200552940369,
        0.6835278868675232,
        0.7246080040931702,
        0.7312571406364441,
        0.8814623951911926,
        0.8890682458877563,
        0.931643009185791,
        0.9439324736595154,
        0.9559915661811829
      ],
      "y": [
        0.0,
        0.0,
        0.009661835618317127,
        0.009661835618317127,
        0.02500000037252903,
        0.02500000037252903,
        0.07438016682863235,
        0.07438016682863235,
        0.1818181872367859,
        0.1818181872367859,
        0.2631579041481018,
        0.2631579041481018,
        0.5,
        0.5,
        0.5757575631141663,
        0.5757575631141663,
        0.7857142686843872,
        0.7857142686843872,
        1.0,
        1.0
      ]
    },
    {
      "x": [
        0.004552736878395081,
        0.04116867855191231,
        0.041480641812086105,
        0.20962083339691162,
        0.21560709178447723,
        0.4032985270023346,
        0.40467599034309387,
        0.4498025178909302,
        0.4513415992259979,
        0.5755088925361633,
        0.5758184194564819,
        0.6400480270385742,
        0.6426451802253723,
        0.8391558527946472,
        0.8471199870109558,
        0.8693400621414185,
        0.880427360534668,
        0.9278166890144348,
        0.9278635382652283,
        0.9393270015716553,
        0.9434179067611694,
        0.9450143575668335
      ],
      "y": [
        0.0,
        0.0,
        0.013888888992369175,
        0.013888888992369175,
        0.05681818351149559,
        0.05681818351149559,
        0.13636364042758942,
        0.13636364042758942,
        0.1428571492433548,
        0.1428571492433548,
        0.20000000298023224,
        0.20000000298023224,
        0.3255814015865326,
        0.3255814015865326,
        0.6000000238418579,
        0.6000000238418579,
        0.8333333134651184,
        0.8333333134651184,
        0.8571428656578064,
        0.8571428656578064,
        1.0,
        1.0
      ]
    }
  ]
}